record_id,category,action_title,source_page_url,linked_resource_url,eligibility,delivery_format,plain_language_summary,safety_notes,reviewer,approval_status,reviewed_at
2ba9557c1fbbce4abfed,employment,begin your job search in your field and apply directly to employers,https://www.quebec.ca/en/immigration/settle-and-integrate-in-quebec,https://www.quebec.ca/en/employment/find-job-internship/view-job-offers,,,,,,pending,
3e4eb6c5980dfca51bd0,employment,CNESST,https://www.quebec.ca/en/immigration/settle-and-integrate-in-quebec,https://www.cnesst.gouv.qc.ca/en,,,,,,pending,
4c68be58cb1449d3c0e9,employment,Emplois en région,https://www.quebec.ca/en/immigration/settle-and-integrate-in-quebec,https://emploisenregions.ca,,,,,,pending,
e9c76c72ad6a3ada0bba,employment,Emplois en région,https://www.quebec.ca/en/immigration/settle-and-integrate-in-quebec,,,,,,,pending,
f98bb4b236ca39dc7fef,employment,Getting Information about the Labour Market,https://www.quebec.ca/en/immigration/settle-and-integrate-in-quebec,https://www.quebec.ca/en/employment/learn-trade-occupation/labour-market,,,,,,pending,
a5c04c58b61028cea886,employment,I am an immigrant or temporary foreign worker,https://www.quebec.ca/en/immigration/settle-and-integrate-in-quebec,https://www.cnesst.gouv.qc.ca/en/life-events/immigrant-worker-temporary-foreign-worker,,,,,,pending,
4fdca514447313338f4b,employment,If the trade or profession you want to practice is regulated in Québec,https://www.quebec.ca/en/immigration/settle-and-integrate-in-quebec,,,,,,,pending,
efec44ac2ad1c8a185cf,employment,If the trade or profession you wish to pursue is not regulated in Quebec,https://www.quebec.ca/en/immigration/settle-and-integrate-in-quebec,,,,,,,pending,
6ea216e78ad658d9adf2,employment,job fairs and career shows,https://www.quebec.ca/en/immigration/settle-and-integrate-in-quebec,https://www.quebec.ca/emploi/trouver-emploi-stage/salons-emploi,,,,,,pending,
3a49eeeef4665eef91cc,employment,Know your employment rights and obligations,https://www.quebec.ca/en/immigration/settle-and-integrate-in-quebec,,,,,,,pending,
c33094dcd2bd7ab2a5c7,employment,Objectif Intégration Information Session for Immigrants,https://www.quebec.ca/en/immigration/settle-and-integrate-in-quebec,https://www.quebec.ca/en/immigration/settle-and-integrate-in-quebec/objectif-integration,,,,,,pending,
44ce20b0fcc019ef1960,employment,obtain legal authorization to practice from the regulatory body that oversees your trade or profession in Quebec,https://www.quebec.ca/en/immigration/settle-and-integrate-in-quebec,https://www.quebec.ca/en/immigration/reconnaissance-etudes-experience/faire-reconnaitre-competences-acquises-etranger/by-regulatory-body,,,,,,pending,
3f77c4b4202ff119f3c9,employment,obtain recognition for some of the studies and experience you have acquired abroad,https://www.quebec.ca/en/immigration/settle-and-integrate-in-quebec,https://www.quebec.ca/en/immigration/work-quebec/recognition-skills-acquired-abroad,,,,,,pending,
a403b92eaa0de747f18b,employment,Portrait of the Quebec labor market,https://www.quebec.ca/en/immigration/settle-and-integrate-in-quebec,,,,,,,pending,
6f8183a99013ce4ddc16,employment,Programme d’aide à l’intégration des immigrants et des minorités visibles en emploi [Employment Integration Program for Immigrants and Visible Minorities] (PRIIME),https://www.quebec.ca/en/immigration/settle-and-integrate-in-quebec,https://www.quebec.ca/en/employment/find-job-internship/employment-assistance-programs/immigrants-visible-minorities/formation-abroad,,,,,,pending,
a81276bfadb4688ded86,employment,Qualifications Québec,https://www.quebec.ca/en/immigration/settle-and-integrate-in-quebec,https://www.qualificationsquebec.com/reconnaissance-competences/english,,,,,,pending,
6a8f092da96aa406f9a4,employment,Searching for a job,https://www.quebec.ca/en/immigration/settle-and-integrate-in-quebec,,,,,,,pending,
372dad653f049ed4eace,essential_documents,Obtaining your permanent resident card,https://www.quebec.ca/en/immigration/settle-and-integrate-in-quebec,,,,,,,pending,
febe1d82303c0dad8a9d,essential_documents,Obtaining your permanent resident card,https://www.quebec.ca/en/immigration/settle-and-integrate-in-quebec,https://www.canada.ca/en/immigration-refugees-citizenship/services/new-immigrants/pr-card/apply-renew-replace.html,,,,,,pending,
4c7644201d9f9585662e,essential_documents,Obtaining your social insurance number,https://www.quebec.ca/en/immigration/settle-and-integrate-in-quebec,https://www.canada.ca/en/employment-social-development/services/sin/apply.html,,,,,,pending,
91db1683aa257bd6e2fa,essential_documents,Obtaining your social insurance number,https://www.quebec.ca/en/immigration/settle-and-integrate-in-quebec,,,,,,,pending,
bd334af68bc76024a706,french_learning,Accompagnement Québec integration service,https://www.quebec.ca/en/immigration/settle-and-integrate-in-quebec,https://www.quebec.ca/immigration/service-integration-personnes-immigrantes,,,,,,pending,
5e48cde8414b506cf97d,french_learning,Find out more about courses at a partner language school,https://www.quebec.ca/en/education/learn-french,https://www.quebec.ca/en/education/learn-french/partner-school,,,,,,pending,
a82f243f968ea1e67933,french_learning,Find out more about full-time courses,https://www.quebec.ca/en/education/learn-french,https://www.quebec.ca/en/education/learn-french/full-time-courses,,,,,,pending,
55717fb9df7b64d2ea85,french_learning,Find out more about online courses,https://www.quebec.ca/en/education/learn-french,https://www.quebec.ca/en/education/learn-french/online-courses,,,,,,pending,
a691d8a974122baa9922,french_learning,Find out more about part-time courses,https://www.quebec.ca/en/education/learn-french,https://www.quebec.ca/en/education/learn-french/part-time-courses,,,,,,pending,
c982e6ab35792eb5ca93,french_learning,Find out more about specialized courses,https://www.quebec.ca/en/education/learn-french,https://www.quebec.ca/en/education/learn-french/specialized-courses,,,,,,pending,
c7e7fc851508d42e6606,french_learning,free French courses to immigrants,https://www.quebec.ca/en/immigration/settle-and-integrate-in-quebec,https://www.quebec.ca/en/education/learn-french,,,,,,pending,
0b21fc019b36f96881d5,french_learning,French courses offered from abroad,https://www.quebec.ca/en/education/learn-french,,,,,,,pending,
08d9b595cb7c889db8ec,french_learning,French courses offered from Québec,https://www.quebec.ca/en/education/learn-french,,,,,,,pending,
8c8b253c7899a9e18168,french_learning,Learning French to become a member of a professional order,https://www.quebec.ca/en/education/learn-french,https://www.quebec.ca/en/education/learn-french/professional-order,,,,,,pending,
95a3f50c2325c7d6bf43,french_learning,offer French learning activities or training to your employees,https://www.quebec.ca/en/education/learn-french,https://www.quebec.ca/entreprises-et-travailleurs-autonomes/francisation,,,,,,pending,
bdd91c837d22e8a9bc6b,french_learning,Offer French learning activities to employees,https://www.quebec.ca/en/education/learn-french,,,,,,,pending,
058480e20181d2165c05,french_learning,Open access tools and resources,https://www.quebec.ca/en/education/learn-french,https://www.quebec.ca/en/education/learn-french/tools-resources,,,,,,pending,
de7a52929a6915a3cb6a,french_learning,Registering for a French course,https://www.quebec.ca/en/immigration/settle-and-integrate-in-quebec,,,,,,,pending,
952ed6d3a58c8ca8f09f,french_learning,the importance of French in Québec,https://www.quebec.ca/en/education/learn-french,https://www.quebec.ca/en/immigration/french-in-quebec,,,,,,pending,
4ec96abce2ac29ddf074,healthcare,Abitibi-Témiscamingue,https://www.quebec.ca/en/health/finding-a-resource/primary-care-access-point,https://www.cisss-at.gouv.qc.ca/en/primary-care-access-point-gap,,,,,,pending,
63d237c1de53645ffcb4,healthcare,ABL accès accueil action,https://www.quebec.ca/en/immigration/refugees-asylum-seekers/asylum-seekers,https://www.abl-immigration.org,,,,,,pending,
3c21221c0431f93f7080,healthcare,About Canada’s refugee system,https://www.quebec.ca/en/immigration/refugees-asylum-seekers/asylum-seekers,https://www.canada.ca/en/immigration-refugees-citizenship/services/refugees/about-refugee-system.html,,,,,,pending,
bab78917665336ad6c56,healthcare,Access the digital Primary Care Access Point,https://www.quebec.ca/en/health/finding-a-resource/primary-care-access-point,https://gap.soinsvirtuels.gouv.qc.ca/en,,,,,,pending,
d1e246ef52628f3dca61,healthcare,Access to the service,https://www.quebec.ca/en/health/finding-a-resource/info-social-811,,,,,,,pending,
0e4f991543a3121d1239,healthcare,Accompagnement des femmes immigrantes de l'Outaouais,https://www.quebec.ca/en/immigration/refugees-asylum-seekers/asylum-seekers,https://afio.ca,,,,,,pending,
91b576047fca281d1da5,healthcare,Accueil aux immigrants de l’Est de Montréal,https://www.quebec.ca/en/immigration/refugees-asylum-seekers/asylum-seekers,http://www.aiemont.com,,,,,,pending,
4602cf7343b285e11cb6,healthcare,Accueil pour immigrants et réfugiés du Sud-ouest de Montréal — Centre Prisme,https://www.quebec.ca/en/immigration/refugees-asylum-seekers/asylum-seekers,https://www.airsomprisme.org,,,,,,pending,
f3bc2a441e9dab0e63a5,healthcare,Accueil-parrainage Outaouais,https://www.quebec.ca/en/immigration/refugees-asylum-seekers/asylum-seekers,https://apo-qc.org,,,,,,pending,
d5208e4fe26eed74640a,healthcare,Aide-mémoire sur la recherche d'un logement permanent (PDF 71 Kb),https://www.quebec.ca/en/immigration/refugees-asylum-seekers/asylum-seekers,https://cdn-contenu.quebec.ca/cdn-contenu/immigration/publications/fr/DOC_Aide_memoire_logement.pdf,,,,,,pending,
f33b6253bdda74aba23d,healthcare,Alliance pour l'accueil et l'intégration des immigrants-es,https://www.quebec.ca/en/immigration/refugees-asylum-seekers/asylum-seekers,https://www.alac.qc.ca,,,,,,pending,
b3b5dd885323be958313,healthcare,AMINATE - Accueil multiethnique et Intégration de nouveaux arrivants à Terrebonne et les environs,https://www.quebec.ca/en/immigration/refugees-asylum-seekers/asylum-seekers,https://aminate.qc.ca,,,,,,pending,
ec9783cb3440371b7219,healthcare,Apartado de notas para la búsqueda de una vivienda permanente (PDF 72 Kb),https://www.quebec.ca/en/immigration/refugees-asylum-seekers/asylum-seekers,https://cdn-contenu.quebec.ca/cdn-contenu/immigration/publications/es/DOC_Aide_memoire_logement_ES.pdf,,,,,,pending,
6c1f61e52bab46abbed2,healthcare,Application for assistance using a paper form,https://www.quebec.ca/en/immigration/refugees-asylum-seekers/asylum-seekers,,,,,,,pending,
f0ab4cc55b9b5b32ea62,healthcare,Apply online,https://www.quebec.ca/en/immigration/refugees-asylum-seekers/asylum-seekers,https://formulaires.mtess.gouv.qc.ca/en/Form/1/3002/0,,,,,,pending,
b5ad9597fe61ae1e003c,healthcare,Assessment of your needs,https://www.quebec.ca/en/health/finding-a-resource/info-social-811,,,,,,,pending,
fec4d9ab91ff8ac0c33d,healthcare,Assessment of your needs,https://www.quebec.ca/en/health/finding-a-resource/info-sante-811,,,,,,,pending,
5f28838472edee2fda54,healthcare,asylum application with the Government of Canada,https://www.quebec.ca/en/immigration/refugees-asylum-seekers/asylum-seekers,https://www.canada.ca/en/immigration-refugees-citizenship/services/application/application-forms-guides/applying-refugee-protection-canada.html,,,,,,pending,
e5d51cbee77c485ae71b,healthcare,Bas-Saint-Laurent,https://www.quebec.ca/en/health/finding-a-resource/primary-care-access-point,https://www.cisss-bsl.gouv.qc.ca/soins-services/soins-services-pour-tous/autres-services/acces-a-un-medecin-de-famille/guichet-d-acces-a-la-premiere-ligne-gap,,,,,,pending,
a6cf59a465222aa01304,healthcare,C.O.F.F.R.E.T. Centre de formation et d'orientation pour favoriser les relations ethniques traditionnelles,https://www.quebec.ca/en/immigration/refugees-asylum-seekers/asylum-seekers,https://www.lecoffret.org/a-propos,,,,,,pending,
603a82ee15972abf019c,healthcare,Call back from a Primary Care Access Point agent,https://www.quebec.ca/en/health/finding-a-resource/primary-care-access-point,,,,,,,pending,
7ef47c1502402ddc1240,healthcare,Call back schedule by region,https://www.quebec.ca/en/health/finding-a-resource/primary-care-access-point,,,,,,,pending,
879f2d0eb768395e0427,healthcare,Cancel a medical appointment made through the Primary Care Access Point,https://www.quebec.ca/en/health/finding-a-resource/primary-care-access-point,,,,,,,pending,
3d03c2c2beeae55e7c5d,healthcare,Cared by a specialized nurse practitioner,https://www.quebec.ca/en/health/finding-a-resource/quebec-family-doctor-finder,,,,,,,pending,
a3163ecd25614fb665d1,healthcare,CARI St-Laurent,https://www.quebec.ca/en/immigration/refugees-asylum-seekers/asylum-seekers,https://cari.qc.ca,,,,,,pending,
fe834ec4f817a598892c,healthcare,Carnets de route website,https://www.quebec.ca/en/immigration/refugees-asylum-seekers/asylum-seekers,https://carnetsderoute.info/en/home,,,,,,pending,
f7b5226c27dce5ebd9e8,healthcare,Carrefour d'intercultures de Laval,https://www.quebec.ca/en/immigration/refugees-asylum-seekers/asylum-seekers,https://www.carrefourintercultures.com,,,,,,pending,
335eb6544592efff07bc,healthcare,Carrefour d’aide aux nouveaux arrivants,https://www.quebec.ca/en/immigration/refugees-asylum-seekers/asylum-seekers,http://cana-montreal.com,,,,,,pending,
80c3e2b686c578f52cc9,healthcare,Carrefour d’intercultures de Laval,https://www.quebec.ca/en/immigration/refugees-asylum-seekers/asylum-seekers,http://www.carrefourintercultures.com,,,,,,pending,
3e0ddae58287d80ec193,healthcare,Carrefour Emploi Lotbinière,https://www.quebec.ca/en/immigration/refugees-asylum-seekers/asylum-seekers,https://www.carrefouremploilotbiniere.com,,,,,,pending,
a8f72fb6757d08abd447,healthcare,Carrefour jeunesse emploi de la Haute-Côte-Nord,https://www.quebec.ca/en/immigration/refugees-asylum-seekers/asylum-seekers,https://www.cjehcn.qc.ca,,,,,,pending,
92d973cd48fb102f3178,healthcare,Carrefour jeunesse-emploi de Beauce-Nord,https://www.quebec.ca/en/immigration/refugees-asylum-seekers/asylum-seekers,https://cjebn.com,,,,,,pending,
78577e4e62e0ae75af1d,healthcare,Carrefour jeunesse-emploi de Beauce-Sud,https://www.quebec.ca/en/immigration/refugees-asylum-seekers/asylum-seekers,https://www.cjebeauce-sud.com,,,,,,pending,
5bfc8a70bbf8c2553ea6,healthcare,Carrefour Le Moutier,https://www.quebec.ca/en/immigration/refugees-asylum-seekers/asylum-seekers,http://www.carrefourmoutier.org,,,,,,pending,
6cb9dfab9b952d66ae53,healthcare,Centre Alpha Lira In,https://www.quebec.ca/en/immigration/refugees-asylum-seekers/asylum-seekers,https://centrealphalira.org,,,,,,pending,
12b8059f72e6bce84c9b,healthcare,Centre communautaire des femmes sud-asiatiques,https://www.quebec.ca/en/immigration/refugees-asylum-seekers/asylum-seekers,https://www.sawcc-ccfsa.ca/EN,,,,,,pending,
13b5ed797c2315755f21,healthcare,Centre d'appui aux communautés immigrantes de Bordeaux-Cartierville,https://www.quebec.ca/en/immigration/refugees-asylum-seekers/asylum-seekers,https://caci-bc.org,,,,,,pending,
8f4e477a5f350e7ea8c3,healthcare,Centre d'intégration multi-services de l'ouest de l'île,https://www.quebec.ca/en/immigration/refugees-asylum-seekers/asylum-seekers,https://cimoi.com,,,,,,pending,
80d8cb2dbbdbbe3889c5,healthcare,"Centre de contacts clientèle du ministère de l’Immigration, de la Francisation et de l’Intégration",https://www.quebec.ca/en/immigration/refugees-asylum-seekers/asylum-seekers,https://www.quebec.ca/en/gouvernement/ministeres-organismes/immigration/coordonnees-structure/contact-us,,,,,,pending,
0a925653a69270123d1e,healthcare,Centre des femmes de Montréal,https://www.quebec.ca/en/immigration/refugees-asylum-seekers/asylum-seekers,https://centredesfemmesdemtl.org,,,,,,pending,
f221a1483b1152b8d1a2,healthcare,Centre multiethnique de Québec,https://www.quebec.ca/en/immigration/refugees-asylum-seekers/asylum-seekers,https://www.centremultiethnique.com,,,,,,pending,
528e41a1e8501dd9e097,healthcare,Centre social d’aide aux immigrants,https://www.quebec.ca/en/immigration/refugees-asylum-seekers/asylum-seekers,https://centrecsai.org,,,,,,pending,
3d5f607dbfa5bbb56775,healthcare,Centre-Émersion,https://www.quebec.ca/en/immigration/refugees-asylum-seekers/asylum-seekers,https://emersion.qc.ca,,,,,,pending,
ff5549435e472dd72fcc,healthcare,change of address,https://www.quebec.ca/en/health/finding-a-resource/quebec-family-doctor-finder,https://www.adresse.gouv.qc.ca/inscrire/FormulaireChangementAdresse.aspx?Etape=0&Lng=en,,,,,,pending,
17428708a310bcd95d2f,healthcare,Chaudière-Appalaches,https://www.quebec.ca/en/health/finding-a-resource/primary-care-access-point,https://www.cisssca.com/gap,,,,,,pending,
edee9798704d9dc850b8,healthcare,checklist for finding permanent housing (PDF 65 Kb),https://www.quebec.ca/en/immigration/refugees-asylum-seekers/asylum-seekers,https://cdn-contenu.quebec.ca/cdn-contenu/immigration/publications/en/DOC_Checklist_permanent_housing.pdf,,,,,,pending,
36a58081c67647a96aba,healthcare,Collection of personal information,https://www.quebec.ca/en/health/finding-a-resource/info-social-811,,,,,,,pending,
5fc044cb34ef88cb9a83,healthcare,Collection of personal information,https://www.quebec.ca/en/health/finding-a-resource/info-sante-811,,,,,,,pending,
6d01c9b55411564ec94f,healthcare,Comité d'accueil international des Bois-Francs,https://www.quebec.ca/en/immigration/refugees-asylum-seekers/asylum-seekers,https://www.caibf.ca,,,,,,pending,
18e40a5e22a93edbf076,healthcare,Comité régional d'éducation pour le développement international Lanaudière,https://www.quebec.ca/en/immigration/refugees-asylum-seekers/asylum-seekers,https://credil.qc.ca,,,,,,pending,
50c0c256640cfbb6d4db,healthcare,Contact PRAIDA,https://www.quebec.ca/en/immigration/refugees-asylum-seekers/asylum-seekers,,,,,,,pending,
fa222950cafc121c14be,healthcare,"Contact the ministère de l'Immigration, de la Francisation et de l'Intégration",https://www.quebec.ca/en/immigration/refugees-asylum-seekers/asylum-seekers,,,,,,,pending,
e678b4f59c3680331777,healthcare,Contact your clinic,https://www.quebec.ca/en/immigration/settle-and-integrate-in-quebec,https://www.quebec.ca/en/health/finding-a-resource/primary-care-access-point,,,,,,pending,
870e212ee651be30f753,healthcare,Corporation de développement économique de la MRC de Montmagny,https://www.quebec.ca/en/immigration/refugees-asylum-seekers/asylum-seekers,https://montmagnyaccueille.com,,,,,,pending,
4787234904fa15dd4f1c,healthcare,Côte-Nord,https://www.quebec.ca/en/health/finding-a-resource/primary-care-access-point,https://www.cisss-cotenord.gouv.qc.ca/en/care-and-services/primary-care-access-point-and-access-to-a-family-physician,,,,,,pending,
0c3092bc71b831fdd5f9,healthcare,Description,https://www.quebec.ca/en/health/finding-a-resource/primary-care-access-point,,,,,,,pending,
2dbbe16da4964ddaa510,healthcare,Description,https://www.quebec.ca/en/health/finding-a-resource/info-sante-811,,,,,,,pending,
bfca39f54cc9bb3489eb,healthcare,Description,https://www.quebec.ca/en/health/finding-a-resource/info-social-811,,,,,,,pending,
63e7b0751d079eb1cedd,healthcare,directory of partner organizations,https://www.quebec.ca/en/immigration/refugees-asylum-seekers/asylum-seekers,https://www.quebec.ca/en/immigration/partners,,,,,,pending,
5885e0d5dc597f3590bb,healthcare,Documents to provide with your application,https://www.quebec.ca/en/immigration/refugees-asylum-seekers/asylum-seekers,,,,,,,pending,
5bfa1d2f5e137b604fdd,healthcare,Droit à l'emploi,https://www.quebec.ca/en/immigration/refugees-asylum-seekers/asylum-seekers,https://coffre.ca,,,,,,pending,
9fdf3abd54b8910013b0,healthcare,Droit à l'emploi,https://www.quebec.ca/en/immigration/refugees-asylum-seekers/asylum-seekers,https://coffre.ca/services-saint-jean-sur-richelieu,,,,,,pending,
7cbc2b6f3fac1b918a70,healthcare,Eligibility criteria,https://www.quebec.ca/en/health/finding-a-resource/quebec-family-doctor-finder,,,,,,,pending,
dc288a196728293fbbbc,healthcare,English services,https://www.quebec.ca/en/health/finding-a-resource/info-sante-811,,,,,,,pending,
80be111d561bcaad38f6,healthcare,Fill out the contact form,https://www.quebec.ca/en/immigration/refugees-asylum-seekers/asylum-seekers,https://services.immigration-quebec.gouv.qc.ca/en/reach/mail.php,,,,,,pending,
e53ca132de9f2de89800,healthcare,Finding a resource in health and social services,https://www.quebec.ca/en/immigration/settle-and-integrate-in-quebec,https://www.sante.gouv.qc.ca/en/repertoire-ressources,,,,,,pending,
6f5c48bb8e439172cbf3,healthcare,For people cared for by a group of doctors,https://www.quebec.ca/en/health/finding-a-resource/quebec-family-doctor-finder,,,,,,,pending,
26b4724d5032e63cd791,healthcare,Getting a medical consultation with a health professional if you have a family doctor or a specialized nurse practitioner in primary care,https://www.quebec.ca/en/health/finding-a-resource/primary-care-access-point,https://www.quebec.ca/en/health/health-system-and-services/service-organization/primary-care-health-and-social-services/how-get-medical-consultation-with-health-professional/you-have-family-doctor,,,,,,pending,
955ca517e4e243718abe,healthcare,Getting an appointment with a family doctor or a specialized nurse practitioner in primary care during the waiting period,https://www.quebec.ca/en/health/finding-a-resource/quebec-family-doctor-finder,,,,,,,pending,
911cf91526b5e18a0946,healthcare,Gid pou moun k ap chèche azil nan Kebèk ki vle jwenn sèvis leta Kebèk (PDF 188 Kb),https://www.quebec.ca/en/immigration/refugees-asylum-seekers/asylum-seekers,https://cdn-contenu.quebec.ca/cdn-contenu/immigration/publications/fr/GUI_Guide_accessible_demandeurs_asile_HT.pdf,,,,,,pending,
c612f50ac91e2ef5d142,healthcare,go to the emergency room,https://www.quebec.ca/en/health/finding-a-resource/primary-care-access-point,https://www.quebec.ca/en/health/health-system-and-services/service-organization/primary-care-health-and-social-services/when-go-emergency-room,,,,,,pending,
56478fc420b07feb6500,healthcare,Groupe Inclusia,https://www.quebec.ca/en/immigration/refugees-asylum-seekers/asylum-seekers,https://www.groupeinclusia.com,,,,,,pending,
305d322a6bf9f153202a,healthcare,Guichet d'accès à un médecin de famille (Québec Family Doctor Finder),https://www.quebec.ca/en/immigration/settle-and-integrate-in-quebec,https://www.quebec.ca/en/health/finding-a-resource/quebec-family-doctor-finder,,,,,,pending,
9ae91b02b07f7f745ad8,healthcare,Guichet d’accès pour la clientèle orpheline,https://www.quebec.ca/en/health/finding-a-resource/quebec-family-doctor-finder,https://sante.gouv.qc.ca/votre-gaco,,,,,,pending,
d0abba1122e3c627d1ab,healthcare,Guide des services offerts aux personnes demandeuses d’asile par le gouvernement du Québec (PDF 519 Kb),https://www.quebec.ca/en/immigration/refugees-asylum-seekers/asylum-seekers,https://cdn-contenu.quebec.ca/cdn-contenu/immigration/publications/fr/GUI_Guide_accessible_demandeurs_asile.pdf,,,,,,pending,
6f962725a830fea26f07,healthcare,Guide for asylum seekers in Québec wishing to obtain Québec government services (PDF 196 Kb),https://www.quebec.ca/en/immigration/refugees-asylum-seekers/asylum-seekers,https://cdn-contenu.quebec.ca/cdn-contenu/immigration/publications/en/GUI_asylum_seeker.pdf,,,,,,pending,
f17cc0625a5d4656fab0,healthcare,Guide to Services Offered,https://www.quebec.ca/en/immigration/refugees-asylum-seekers/asylum-seekers,,,,,,,pending,
8e7831bcc55f15a253dc,healthcare,Guía para solicitantes de asilo en Québec que deseen obtener servicios gubernamentales de Québec (PDF 246 Kb),https://www.quebec.ca/en/immigration/refugees-asylum-seekers/asylum-seekers,https://cdn-contenu.quebec.ca/cdn-contenu/immigration/publications/fr/GUI_Guide_accessible_demandeurs_asile_ES.pdf,,,,,,pending,
50d1124c2e5a3e11bc31,healthcare,Housing assistance,https://www.quebec.ca/en/immigration/refugees-asylum-seekers/asylum-seekers,,,,,,,pending,
3624e3744ac3290f11ba,healthcare,How a call is handled,https://www.quebec.ca/en/health/finding-a-resource/info-sante-811,,,,,,,pending,
73550d750633b2a3590a,healthcare,How a call is handled,https://www.quebec.ca/en/health/finding-a-resource/info-social-811,,,,,,,pending,
84b49f82cdb4f099dab2,healthcare,Impact Emploi de l'Érable,https://www.quebec.ca/en/immigration/refugees-asylum-seekers/asylum-seekers,https://impactemploi.ca,,,,,,pending,
225538d5a27608f369db,healthcare,Info-Santé,https://www.quebec.ca/en/immigration/settle-and-integrate-in-quebec,https://www.quebec.ca/en/health/finding-a-resource/info-sante-811,,,,,,pending,
7180fc4eb63d980f8fb5,healthcare,Info-Social,https://www.quebec.ca/en/immigration/settle-and-integrate-in-quebec,https://www.quebec.ca/en/health/finding-a-resource/info-social-811,,,,,,pending,
7db2077783f1c9ec47b3,healthcare,Information services,https://www.quebec.ca/en/immigration/refugees-asylum-seekers/asylum-seekers,,,,,,,pending,
08ee37bab0bf294eb7f3,healthcare,Information sessions for asylum seekers page from CIUSSS du Centre-Ouest-de-l’Île-de-Montréal,https://www.quebec.ca/en/immigration/refugees-asylum-seekers/asylum-seekers,https://www.ciussswestcentral.ca/programs-and-services/praida-regional-program-for-the-settlement-and-integration-of-asylum-seekers/information-sessions-for-asylum-seekers,,,,,,pending,
3a24904dae3c60fb7d98,healthcare,"INICI (Immigrer, Intégrer, Innover)",https://www.quebec.ca/en/immigration/refugees-asylum-seekers/asylum-seekers,https://inici.ca/en,,,,,,pending,
5c97b2fda0e71d70835d,healthcare,Intro Drummondville INC,https://www.quebec.ca/en/immigration/refugees-asylum-seekers/asylum-seekers,https://introdrummondville.ca,,,,,,pending,
4338b441da52a6b0e43a,healthcare,Intégration compétences,https://www.quebec.ca/en/immigration/refugees-asylum-seekers/asylum-seekers,https://integrationcompetences.ca,,,,,,pending,
2de962810ab1254c404a,healthcare,"L'Orienthèque, centre d'orientation et services d'intégration de la main-d'œuvre",https://www.quebec.ca/en/immigration/refugees-asylum-seekers/asylum-seekers,https://www.orientheque.ca,,,,,,pending,
c75e39642bee8159da95,healthcare,La Maison d’Haïti,https://www.quebec.ca/en/immigration/refugees-asylum-seekers/asylum-seekers,http://www.mhaiti.org,,,,,,pending,
89b3145a8a8787bde5df,healthcare,La Maisonnée,https://www.quebec.ca/en/immigration/refugees-asylum-seekers/asylum-seekers,https://lamaisonnee.org/fr,,,,,,pending,
702ab2ee9db30da93af0,healthcare,Lanaudière,https://www.quebec.ca/en/health/finding-a-resource/primary-care-access-point,https://www.cisss-lanaudiere.gouv.qc.ca/liste-de-soins-et-services/liste-alphabetique/guichet-dacces-a-la-premiere-ligne-gap,,,,,,pending,
12bd9210bfa82fd7e8a5,healthcare,Last-resort financial assistance,https://www.quebec.ca/en/immigration/refugees-asylum-seekers/asylum-seekers,,,,,,,pending,
6ff6e272ff2d2828e3e0,healthcare,Laurentides,https://www.quebec.ca/en/health/finding-a-resource/primary-care-access-point,https://www.santelaurentides.gouv.qc.ca/en/english/care-and-services/primary-care-access-point,,,,,,pending,
702779fbf6eda85a99e3,healthcare,Le Carrefour Employabilité - Travail de rue,https://www.quebec.ca/en/immigration/refugees-asylum-seekers/asylum-seekers,https://cestmoncarrefour.com,,,,,,pending,
41bdcfe3c93669ff70a0,healthcare,"Le Tremplin, centre pour personnes immigrantes et leurs familles",https://www.quebec.ca/en/immigration/refugees-asylum-seekers/asylum-seekers,http://www.letremplinlevis.com,,,,,,pending,
96db9c33101cc244aab4,healthcare,Maison de la famille des Maskoutains,https://www.quebec.ca/en/immigration/refugees-asylum-seekers/asylum-seekers,https://www.mfm.qc.ca,,,,,,pending,
ee755aaaf889db7263c2,healthcare,Montérégie,https://www.quebec.ca/en/health/finding-a-resource/primary-care-access-point,https://www.santemonteregie.qc.ca/en/services/primary-care-access-point-gap,,,,,,pending,
276a5f09ae3a81439f27,healthcare,Montérégie map,https://www.quebec.ca/en/health/finding-a-resource/primary-care-access-point,https://www.santemonteregie.qc.ca/modules/custom/custom_general/images/carte-du-territoire.png,,,,,,pending,
7e3ae9a684459c78997a,healthcare,Obtain a clinical assessment or a health or psychosocial service through the Primary Care Access Point,https://www.quebec.ca/en/health/finding-a-resource/primary-care-access-point,,,,,,,pending,
383e8cebb13bebbcb8f0,healthcare,Obtaining your health insurance card number,https://www.quebec.ca/en/immigration/settle-and-integrate-in-quebec,https://www.ramq.gouv.qc.ca/en/citizens/health-insurance/register,,,,,,pending,
b5b5e598bd5b936689a4,healthcare,Online application for assistance,https://www.quebec.ca/en/immigration/refugees-asylum-seekers/asylum-seekers,,,,,,,pending,
6a31aabe216d96d136c9,healthcare,"Organisme pour l’Intégration, la Citoyenneté et l’Inclusion",https://www.quebec.ca/en/immigration/refugees-asylum-seekers/asylum-seekers,https://www.licimontrealnord.org,,,,,,pending,
cf2ccf916f40c51bddf1,healthcare,"Organizations located in Laval, in the Laurentides and Lanaudière",https://www.quebec.ca/en/immigration/refugees-asylum-seekers/asylum-seekers,,,,,,,pending,
461893f118b5c38dee87,healthcare,Organizations located in other regions,https://www.quebec.ca/en/immigration/refugees-asylum-seekers/asylum-seekers,,,,,,,pending,
9ebcacb1afb8fe5fa095,healthcare,Organizations located in Québec City,https://www.quebec.ca/en/immigration/refugees-asylum-seekers/asylum-seekers,,,,,,,pending,
221677fa96dde7159703,healthcare,Organizations located in the Greater Montreal area,https://www.quebec.ca/en/immigration/refugees-asylum-seekers/asylum-seekers,,,,,,,pending,
101943148b6cebe124d6,healthcare,Organizations located in the Mauricie and Centre-du-Québec regions,https://www.quebec.ca/en/immigration/refugees-asylum-seekers/asylum-seekers,,,,,,,pending,
954f485041b15e0d010f,healthcare,Organizations located in the Montérégie and Estrie regions,https://www.quebec.ca/en/immigration/refugees-asylum-seekers/asylum-seekers,,,,,,,pending,
110a66749b4d2f219565,healthcare,Organizations located in the Outaouais region,https://www.quebec.ca/en/immigration/refugees-asylum-seekers/asylum-seekers,,,,,,,pending,
0612062c8e7fb2741db4,healthcare,Organizations located in the Québec and Chaudière-Appalaches regions,https://www.quebec.ca/en/immigration/refugees-asylum-seekers/asylum-seekers,,,,,,,pending,
227a92de7d44e8e91fc5,healthcare,Organizations located in the Saguenay-Lac-Saint-Jean and Côte-Nord regions,https://www.quebec.ca/en/immigration/refugees-asylum-seekers/asylum-seekers,,,,,,,pending,
7d69b5700afebbc7295b,healthcare,Organizations located on the Montreal island,https://www.quebec.ca/en/immigration/refugees-asylum-seekers/asylum-seekers,,,,,,,pending,
1911dbd1d9992cac3e0d,healthcare,People with special needs,https://www.quebec.ca/en/health/finding-a-resource/info-social-811,,,,,,,pending,
bcebfbc27efeeb11248b,healthcare,People with special needs,https://www.quebec.ca/en/health/finding-a-resource/info-sante-811,,,,,,,pending,
d8851a4ebd5508b9c9f3,healthcare,Portes ouvertes sur le Lac,https://www.quebec.ca/en/immigration/refugees-asylum-seekers/asylum-seekers,https://portesouvertessurlelac.org,,,,,,pending,
a1aaa34542636dc61ca9,healthcare,PRAIDA website,https://www.quebec.ca/en/immigration/refugees-asylum-seekers/asylum-seekers,https://www.ciussswestcentral.ca/programs-and-services/praida-regional-program-for-the-settlement-and-integration-of-asylum-seekers/i-am-an-asylum-seeker,,,,,,pending,
c58f3a0b68bfe28d5d40,healthcare,Priority and waiting time,https://www.quebec.ca/en/health/finding-a-resource/quebec-family-doctor-finder,,,,,,,pending,
cfef76ffcc552c1fec1a,healthcare,Québec Health Booklet,https://www.quebec.ca/en/health/finding-a-resource/quebec-family-doctor-finder,https://carnetsante.gouv.qc.ca/portail,,,,,,pending,
3fd4d7154575da722f11,healthcare,Québec hükümeti hizmetlerinden yararlanmak isteyen sığınmacılar için kılavuz (PDF 225 Kb),https://www.quebec.ca/en/immigration/refugees-asylum-seekers/asylum-seekers,https://cdn-contenu.quebec.ca/cdn-contenu/immigration/publications/fr/GUI_Guide_accessible_demandeurs_asile_TR.pdf,,,,,,pending,
891448fc9d7ce5f9ed38,healthcare,Québec Medical Appointment Scheduler,https://www.quebec.ca/en/health/finding-a-resource/primary-care-access-point,https://rvsq.gouv.qc.ca/accueil/index-en.html,,,,,,pending,
14232a783db01153eb12,healthcare,Referral to an appropriate resource,https://www.quebec.ca/en/health/finding-a-resource/info-social-811,,,,,,,pending,
5f25288d392978c95e32,healthcare,Referral to an appropriate resource,https://www.quebec.ca/en/health/finding-a-resource/info-sante-811,,,,,,,pending,
686ba5036f0ab08553ef,healthcare,Registering on the waiting list through the Québec Family Doctor Finder,https://www.quebec.ca/en/health/finding-a-resource/quebec-family-doctor-finder,https://sel.ramq.gouv.qc.ca/GRL/LM_GuichAccesMdFamCitoy/en,,,,,,pending,
5ffbceb5589c9162ae07,healthcare,Registering on the waiting list to find a family doctor,https://www.quebec.ca/en/health/finding-a-resource/quebec-family-doctor-finder,,,,,,,pending,
c9a1f5f9d7d7aa5fa39f,healthcare,Registering with a family doctor or a specialized nurse practitioner in primary care,https://www.quebec.ca/en/health/finding-a-resource/quebec-family-doctor-finder,https://www.quebec.ca/en/health/finding-a-resource/registering-with-a-family-doctor,,,,,,pending,
e0b73ea11450c4841848,healthcare,Registering with a family doctor or a specialized nurse practitioner in primary care,https://www.quebec.ca/en/health/finding-a-resource/primary-care-access-point,https://www.quebec.ca/en/health/finding-a-resource/registering-with-a-family-doctor,,,,,,pending,
b6e80f0bf99e51cc9bee,healthcare,Reporting a change in your health condition,https://www.quebec.ca/en/health/finding-a-resource/quebec-family-doctor-finder,,,,,,,pending,
011d7e2e9c88c58a5cbd,healthcare,Response to your needs,https://www.quebec.ca/en/health/finding-a-resource/info-social-811,,,,,,,pending,
8074205789951092a68b,healthcare,Response to your needs,https://www.quebec.ca/en/health/finding-a-resource/info-sante-811,,,,,,,pending,
b0c56c2ae83d336ba201,healthcare,Réseaux Employabilité Immigration Entrepreneuriat,https://www.quebec.ca/en/immigration/refugees-asylum-seekers/asylum-seekers,https://reseauxvs.ca,,,,,,pending,
6561c44cb62867b148f5,healthcare,Saguenay–Lac-Saint-Jean,https://www.quebec.ca/en/health/finding-a-resource/primary-care-access-point,https://santesaglac.gouv.qc.ca/mes-soins-et-services/trouver-un-medecin/guichet-dacces-a-la-premiere-ligne,,,,,,pending,
14ad6ee59bea744158ee,healthcare,Service accessibility,https://www.quebec.ca/en/health/finding-a-resource/info-sante-811,,,,,,,pending,
91998788d50bed2e8626,healthcare,Service d'accueil des nouveaux arrivants (SANA) de la MRC de Maskinongé,https://www.quebec.ca/en/immigration/refugees-asylum-seekers/asylum-seekers,https://www.sanamrcmaskinonge.ca,,,,,,pending,
68d4ce90fca75a51b455,healthcare,Service d'accueil des nouveaux arrivants (SANA) de Trois-Rivières,https://www.quebec.ca/en/immigration/refugees-asylum-seekers/asylum-seekers,https://www.sana3r.ca,,,,,,pending,
49a47b1328695b2681dd,healthcare,Service d'accueil des nouveaux arrivants de Shawinigan,https://www.quebec.ca/en/immigration/refugees-asylum-seekers/asylum-seekers,https://www.sanashawinigan.ca,,,,,,pending,
9c4d87754aa3f5125da1,healthcare,Service d'aide a l'adaptation des immigrants et immigrantes,https://www.quebec.ca/en/immigration/refugees-asylum-seekers/asylum-seekers,https://www.saaiquebec.org,,,,,,pending,
a575abd2f6139232ab0e,healthcare,Service d'aide à la famille immigrante de la MRC de l'Assomption,https://www.quebec.ca/en/immigration/refugees-asylum-seekers/asylum-seekers,https://safima.ca,,,,,,pending,
a55103bbd200b05b0b56,healthcare,Service d’aide aux Néo-Canadiens,https://www.quebec.ca/en/immigration/refugees-asylum-seekers/asylum-seekers,https://www.sanc-sherbrooke.ca,,,,,,pending,
61c9985ce66686ad8489,healthcare,Service d’interprète d’aide et de référence aux immigrants,https://www.quebec.ca/en/immigration/refugees-asylum-seekers/asylum-seekers,http://www.siari.org,,,,,,pending,
b187f741983409babd36,healthcare,Services available during the review of your application,https://www.quebec.ca/en/immigration/refugees-asylum-seekers/asylum-seekers,,,,,,,pending,
20908cca091597eceeca,healthcare,Services in English,https://www.quebec.ca/en/health/finding-a-resource/info-social-811,,,,,,,pending,
f62d8549629dfd16a90e,healthcare,Services offered by specialized nurse practitioners,https://www.quebec.ca/en/health/finding-a-resource/quebec-family-doctor-finder,https://www.quebec.ca/en/health/health-system-and-services/service-organization/specialized-nurse-practitioners/services-offered-specialized-nurse-practitioners,,,,,,pending,
2e210492da2c6bc7845c,healthcare,Social Assistance Program and Social Solidarity Program.,https://www.quebec.ca/en/immigration/refugees-asylum-seekers/asylum-seekers,https://www.quebec.ca/en/family-and-support-for-individuals/social-assistance-social-solidarity,,,,,,pending,
a10b333d2eb2fd693144,healthcare,social security agreements with other countries,https://www.quebec.ca/en/immigration/settle-and-integrate-in-quebec,https://www.ramq.gouv.qc.ca/en/citizens/health-insurance/social-security-agreements-other-countries,,,,,,pending,
034628c86f40e003ccf9,healthcare,Social services under the Regional Program for the Settlement and Integration of Asylum Seekers (PRAIDA).,https://www.quebec.ca/en/immigration/refugees-asylum-seekers/asylum-seekers,,,,,,,pending,
aec63137a4466991d7b3,healthcare,Solidarité ethnique régionale de la Yamaska,https://www.quebec.ca/en/immigration/refugees-asylum-seekers/asylum-seekers,https://sery-granby.org,,,,,,pending,
47961789087a622c6bb3,healthcare,"Telephone hotline 811, option 3",https://www.quebec.ca/en/health/finding-a-resource/primary-care-access-point,,,,,,,pending,
4f42c0c8ed915198c0ac,healthcare,territory waiting list,https://www.quebec.ca/en/health/finding-a-resource/quebec-family-doctor-finder,https://sante.gouv.qc.ca/en/votre-gaco,,,,,,pending,
9328517459d52fbd41ee,healthcare,territory waiting list,https://www.quebec.ca/en/health/finding-a-resource/quebec-family-doctor-finder,http://sante.gouv.qc.ca/en/votre-gaco,,,,,,pending,
d1e7c6bb2193bf525ad9,healthcare,Through the digital Primary Care Access Point,https://www.quebec.ca/en/health/finding-a-resource/primary-care-access-point,,,,,,,pending,
4775ef2b56f66c692a31,healthcare,Tools to help you with your procedures,https://www.quebec.ca/en/immigration/refugees-asylum-seekers/asylum-seekers,,,,,,,pending,
e62c6368ccc4c436cee4,healthcare,Translations of the Checklist for finding permanent housing,https://www.quebec.ca/en/immigration/refugees-asylum-seekers/asylum-seekers,,,,,,,pending,
d180cd8fb66bde1f5541,healthcare,Translations of the Guide for asylum seekers in Québec,https://www.quebec.ca/en/immigration/refugees-asylum-seekers/asylum-seekers,,,,,,,pending,
44e8b610fbd1a1d8ad65,healthcare,Updating a registration with the Québec Family Doctor Finder,https://www.quebec.ca/en/health/finding-a-resource/quebec-family-doctor-finder,,,,,,,pending,
701ed1bf14e3d1e6e04d,healthcare,Where to call in an emergency,https://www.quebec.ca/en/immigration/settle-and-integrate-in-quebec,,,,,,,pending,
15bd37b614f96dd08d79,healthcare,دليل لطالبي اللجوء في كيبيك الراغبين في الحصول على الخدمات الحكومية في كيبيك (PDF 506 Kb),https://www.quebec.ca/en/immigration/refugees-asylum-seekers/asylum-seekers,https://cdn-contenu.quebec.ca/cdn-contenu/immigration/publications/fr/GUI_Guide_accessible_demandeurs_asile_AR.pdf,,,,,,pending,
3fef10c0f7c6795b66e8,healthcare,क्यूबेक मेंशरण चाहने वालों के ललए गाइड जो क्यबू ेक की सरकारी सेवाएं हालसल करना चाहतेहैं (PDF 349 Kb),https://www.quebec.ca/en/immigration/refugees-asylum-seekers/asylum-seekers,https://cdn-contenu.quebec.ca/cdn-contenu/immigration/publications/fr/GUI_Guide_accessible_demandeurs_asile_HI.pdf,,,,,,pending,
ea10369b9c50b1eb9839,healthcare,ਕਿਊਬੈਕ ਸਰਕਾਰ ਦੁਆਰਾ ਸ਼ਰਣ ਮੰਗਣ ਵਾਲਿਆਂ ਨੂੰ ਦਿੱਤੀਆਂ ਜਾਣ ਵਾਲੀਆਂ ਸੇਵਾਵਾਂ ਲਈ ਗਾਈਡ (PDF 335 Kb),https://www.quebec.ca/en/immigration/refugees-asylum-seekers/asylum-seekers,https://cdn-contenu.quebec.ca/cdn-contenu/immigration/publications/fr/GUI_Guide_accessible_demandeurs_asile_PA.pdf,,,,,,pending,
c0f2779206cfbddd9956,housing,Accompagnement Québec integration service,https://www.quebec.ca/en/immigration/settle-and-integrate-in-quebec,https://www.quebec.ca/en/immigration/integration-service-for-immigrants,,,,,,pending,
e3c89f7dc594e0434b0f,housing,Assignment of a Lease or Subleasing,https://www.quebec.ca/en/immigration/settle-and-integrate-in-quebec,https://www.tal.gouv.qc.ca/en/assignment-of-a-lease-or-subleasing/assignment-of-lease-agreement-and-notice-to-sublet-the-dwelling,,,,,,pending,
a41eb3c6cb65f11969d4,housing,Buying a condominium,https://www.quebec.ca/en/immigration/settle-and-integrate-in-quebec,,,,,,,pending,
976abd34d8bb549512c3,housing,Buying a house or a condominium,https://www.quebec.ca/en/immigration/settle-and-integrate-in-quebec,,,,,,,pending,
cd827e83f869e4d39a62,housing,Commission des droits de la personne et des droits de la jeunesse du Québec,https://www.quebec.ca/en/immigration/settle-and-integrate-in-quebec,https://www.cdpdj.qc.ca/en/contact-us,,,,,,pending,
81f20952b747abce7aa2,housing,Community organizations assisting immigrants,https://www.quebec.ca/en/immigration/settle-and-integrate-in-quebec,https://www.quebec.ca/en/immigration/partners,,,,,,pending,
71d4e9ac089ca3ba69e6,housing,Finding housing,https://www.quebec.ca/en/immigration/settle-and-integrate-in-quebec,,,,,,,pending,
3c488317249924fa8aaa,housing,Information to provide,https://www.quebec.ca/en/immigration/settle-and-integrate-in-quebec,,,,,,,pending,
3058a95e44eb27e11ed4,housing,Refusal to rent,https://www.quebec.ca/en/immigration/settle-and-integrate-in-quebec,,,,,,,pending,
879d4c04fb195fd89d2e,housing,Renting accommodation,https://www.quebec.ca/en/immigration/settle-and-integrate-in-quebec,https://www.tal.gouv.qc.ca/en/being-a-lessee,,,,,,pending,
ad0ec7fa262000ebb8af,housing,The responsibilities and commitments of your landlord,https://www.quebec.ca/en/immigration/settle-and-integrate-in-quebec,https://www.tal.gouv.qc.ca/en/being-a-lessor/rights-and-obligations-of-the-lessor,,,,,,pending,
46124137f5469ed5ecbb,housing,Tribunal administratif du logement du Québec,https://www.quebec.ca/en/immigration/settle-and-integrate-in-quebec,https://www.tal.gouv.qc.ca/en/contact-us,,,,,,pending,
694faa6e7d01080175d5,housing,Your responsibilities and commitments as a tenant,https://www.quebec.ca/en/immigration/settle-and-integrate-in-quebec,https://www.tal.gouv.qc.ca/en/being-a-lessee/rights-and-obligations-of-the-lessee,,,,,,pending,
63e8def6c7da56dec612,integration,Accompagnement Québec,https://www.quebec.ca/en/immigration/settle-and-integrate-in-quebec,,,,,,,pending,
9ecb4faf82a9fda40c73,integration,Accompagnement Québec,https://www.quebec.ca/en/immigration/settle-and-integrate-in-quebec,https://www.quebec.ca/immigration/service-integration-personnes-immigrantes,,,,,,pending,
be4df15d7297310b9093,integration,Accompagnement Québec video (in French),https://www.quebec.ca/en/immigration/integration-service-for-immigrants,https://www.youtube.com/watch?v=j2z8IwVvCfA,,,,,,pending,
2f86198db83e65ef296d,integration,Age,https://www.quebec.ca/en/immigration/settle-and-integrate-in-quebec/first-steps-settling-in,,,,,,,pending,
4c6282df6c28998af319,integration,Age,https://www.quebec.ca/en/immigration/settle-and-integrate-in-quebec/objectif-integration,,,,,,,pending,
5dd1b31d92e156fa8e5a,integration,Airport greeting,https://www.quebec.ca/en/immigration/settle-and-integrate-in-quebec,,,,,,,pending,
0bd7b7a2d3f644c5ebcf,integration,apply for aid to participate in the Objectif Intégration session,https://www.quebec.ca/en/immigration/settle-and-integrate-in-quebec/objectif-integration,https://arrima.immigration-quebec.gouv.qc.ca/Allocation-OI,,,,,,pending,
c6cad2a25f9c77a4531c,integration,Arabic (PDF 366 Kb),https://www.quebec.ca/en/immigration/integration-service-for-immigrants,https://cdn-contenu.quebec.ca/cdn-contenu/immigration/publications/AFF_AccompagnementQuebec_RefugiesParraines_Arabe.pdf,,,,,,pending,
dc42df6d98efc47abd0b,integration,Arrima,https://www.quebec.ca/en/immigration/integration-service-for-immigrants,https://arrima.immigration-quebec.gouv.qc.ca,,,,,,pending,
d026bb6714966db52188,integration,Attestation,https://www.quebec.ca/en/immigration/settle-and-integrate-in-quebec/objectif-integration,,,,,,,pending,
6ef1d28c766494c244df,integration,Centre de contacts clientèle (information service),https://www.quebec.ca/en/immigration/settle-and-integrate-in-quebec/objectif-integration,https://immigration-quebec.gouv.qc.ca/en/reach/index.html,,,,,,pending,
9d374d3e1f69626c8fc8,integration,"Centre de contacts clientèle (Information service) of the Ministère de l’lmmigration, de la Francisation et de l’Intégration",https://www.quebec.ca/en/immigration/settle-and-integrate-in-quebec/first-steps-settling-in,https://www.quebec.ca/en/gouvernement/ministeres-organismes/immigration/coordonnees-structure/contact-us,,,,,,pending,
8b62993912c8a6759e86,integration,Comparative evaluation for studies done outside Québec,https://www.quebec.ca/en/immigration/settle-and-integrate-in-quebec/first-steps-settling-in,https://www.quebec.ca/en/immigration/work-quebec/recognition-skills-acquired-abroad/getting-comparative-evaluation,,,,,,pending,
1468be7d21a133ebad22,integration,Conditions for admission,https://www.quebec.ca/en/immigration/integration-service-for-immigrants,,,,,,,pending,
c76e729dbd7b8105beea,integration,Conditions for Admission,https://www.quebec.ca/en/immigration/settle-and-integrate-in-quebec/objectif-integration,,,,,,,pending,
cc6229cd691756aec47c,integration,Conditions for admission,https://www.quebec.ca/en/immigration/settle-and-integrate-in-quebec/first-steps-settling-in,,,,,,,pending,
36cc2a22f0206c2f18a2,integration,Conditions for receiving financial assistance,https://www.quebec.ca/en/immigration/settle-and-integrate-in-quebec/objectif-integration,,,,,,,pending,
12ec4882bed7be376bc7,integration,"Contact Centre of the ministère de l’lmmigration, de la Francisation et de l’Intégration",https://www.quebec.ca/en/immigration/integration-service-for-immigrants,https://www.quebec.ca/en/gouvernement/ministeres-organismes/immigration/coordonnees-structure/contact-us,,,,,,pending,
1e94c8ecc937cc3c0479,integration,"Contact the ministère de l'Immigration, de la Francisation et de l'Intégration",https://www.quebec.ca/en/immigration/integration-service-for-immigrants,,,,,,,pending,
8ae3636baa49338cba82,integration,Contents of the session,https://www.quebec.ca/en/immigration/settle-and-integrate-in-quebec/first-steps-settling-in,,,,,,,pending,
ce45ec224a0e5df56808,integration,Contents of the session,https://www.quebec.ca/en/immigration/settle-and-integrate-in-quebec/objectif-integration,,,,,,,pending,
ea74124ebca1f188becd,integration,Dari (PDF 391 Kb),https://www.quebec.ca/en/immigration/integration-service-for-immigrants,https://cdn-contenu.quebec.ca/cdn-contenu/immigration/publications/AFF_AccompagnementQuebec_RefugiesParraines_Dari.pdf,,,,,,pending,
2f8c00be0bbed66208ee,integration,Description of the Information Session,https://www.quebec.ca/en/immigration/settle-and-integrate-in-quebec/first-steps-settling-in,,,,,,,pending,
7de465d00a76875a35df,integration,Description of the Objectif Intégration Session,https://www.quebec.ca/en/immigration/settle-and-integrate-in-quebec/objectif-integration,,,,,,,pending,
77e057bc2636f4fa5a3b,integration,document (PDF 180 Kb),https://www.quebec.ca/en/immigration/integration-service-for-immigrants,https://cdn-contenu.quebec.ca/cdn-contenu/immigration/publications/AFF_AccompagnementQuebec_RefugiesParraines_Anglais.pdf,,,,,,pending,
0c212b6be6fea787ef01,integration,Download the Accompagnement Québec app from Google Play,https://www.quebec.ca/en/immigration/integration-service-for-immigrants,https://play.google.com/store/apps/details?id=ca.qc.gouv.immq.parcoursqc,,,,,,pending,
488061a0f27f6da9d7a5,integration,Download the Accompagnement Québec app from the App Store,https://www.quebec.ca/en/immigration/integration-service-for-immigrants,https://apps.apple.com/ca/app/accompagnement-qu%C3%A9bec/id1508906282,,,,,,pending,
eb9974b1ea3fbd1e22d3,integration,Download the free mobile app,https://www.quebec.ca/en/immigration/integration-service-for-immigrants,,,,,,,pending,
bdd0fe07f3da7cf6f0af,integration,Fill out the contact form,https://www.quebec.ca/en/immigration/integration-service-for-immigrants,https://services.immigration-quebec.gouv.qc.ca/en/reach/mail.php,,,,,,pending,
1c5b0133e1ec86ac61ac,integration,Financial Assistance,https://www.quebec.ca/en/immigration/settle-and-integrate-in-quebec/objectif-integration,,,,,,,pending,
c626c7216cac0c6c8468,integration,Financial assistance exclusions,https://www.quebec.ca/en/immigration/settle-and-integrate-in-quebec/objectif-integration,,,,,,,pending,
0e7c204004dfd895c6f2,integration,Find a job or internship,https://www.quebec.ca/en/immigration/integration-service-for-immigrants,https://www.quebec.ca/en/employment/find-job-internship,,,,,,pending,
443c0443d57d6076a4e3,integration,Free of charge,https://www.quebec.ca/en/immigration/settle-and-integrate-in-quebec/first-steps-settling-in,,,,,,,pending,
7f6e35856e928ea7d29d,integration,Free of charge,https://www.quebec.ca/en/immigration/settle-and-integrate-in-quebec/objectif-integration,,,,,,,pending,
f2483bf96e80910fb3c2,integration,French (PDF 92 Kb),https://www.quebec.ca/en/immigration/integration-service-for-immigrants,https://cdn-contenu.quebec.ca/cdn-contenu/immigration/publications/AFF_AccompagnementQuebec_RefugiesParraines_Francais.pdf,,,,,,pending,
c79352f83ff77bfd3f58,integration,How to apply for financial assistance,https://www.quebec.ca/en/immigration/settle-and-integrate-in-quebec/objectif-integration,,,,,,,pending,
7247eacb29ff803ebe52,integration,How to Register,https://www.quebec.ca/en/immigration/settle-and-integrate-in-quebec/objectif-integration,,,,,,,pending,
d5e83476e4c23b1bccde,integration,How to register,https://www.quebec.ca/en/immigration/settle-and-integrate-in-quebec/first-steps-settling-in,,,,,,,pending,
6963a056efd64561838e,integration,If you are working or studying temporarily in Québec,https://www.quebec.ca/en/immigration/settle-and-integrate-in-quebec/first-steps-settling-in,,,,,,,pending,
e731624c7b7eef171926,integration,If you are working or studying temporarily in Québec,https://www.quebec.ca/en/immigration/settle-and-integrate-in-quebec/objectif-integration,,,,,,,pending,
1907e39f0635622e68c2,integration,Immigrate to Quebec,https://www.quebec.ca/en/immigration/integration-service-for-immigrants,https://www.quebec.ca/en/immigration,,,,,,pending,
76710049f9fd796fc0ad,integration,"Immigration, Refugees and Citizenship Canada",https://www.quebec.ca/en/immigration/settle-and-integrate-in-quebec/objectif-integration,https://www.canada.ca/en/immigration-refugees-citizenship/corporate/contact-ircc.html,,,,,,pending,
91e4cbe42a331ce911bb,integration,"Immigration, Refugees and Citizenship Canada",https://www.quebec.ca/en/immigration/settle-and-integrate-in-quebec/first-steps-settling-in,https://www.canada.ca/en/immigration-refugees-citizenship/corporate/contact-ircc.html,,,,,,pending,
99b884031d00892277b0,integration,Information brochure (in French only) (PDF 270 Kb),https://www.quebec.ca/en/immigration/integration-service-for-immigrants,https://cdn-contenu.quebec.ca/cdn-contenu/immigration/publications/fr/DEP_AQ_web_interactif_2022.pdf,,,,,,pending,
258bf4352f99ca73361e,integration,Information Session on Premières démarches d’installation (First steps to settling in),https://www.quebec.ca/en/immigration/settle-and-integrate-in-quebec,https://www.quebec.ca/en/immigration/settle-and-integrate-in-quebec/first-steps-settling-in,,,,,,pending,
9811980e15ecb1b6cef4,integration,information session on Québec and its regions,https://www.quebec.ca/en/immigration/integration-service-for-immigrants,https://www.immigration-quebec.gouv.qc.ca/fr/seances-information.php,,,,,,pending,
7a74e38895b8ff193180,integration,Knowledge of French,https://www.quebec.ca/en/immigration/settle-and-integrate-in-quebec/objectif-integration,,,,,,,pending,
f55cd22019bd3dfd0487,integration,Knowledge of French,https://www.quebec.ca/en/immigration/settle-and-integrate-in-quebec/first-steps-settling-in,,,,,,,pending,
8d3da299a984ea57ca40,integration,Language,https://www.quebec.ca/en/immigration/settle-and-integrate-in-quebec/first-steps-settling-in,,,,,,,pending,
8e1d95043a5ecf4e830a,integration,Language,https://www.quebec.ca/en/immigration/settle-and-integrate-in-quebec/objectif-integration,,,,,,,pending,
b508ae1a34e99e854f92,integration,language school partner of the Government of Québec,https://www.quebec.ca/en/immigration/integration-service-for-immigrants,https://arrima.immigration-quebec.gouv.qc.ca/apprendrelefrancais/etablissements,,,,,,pending,
9dace0f2f0cf2e57ab24,integration,Learn more,https://www.quebec.ca/en/immigration/integration-service-for-immigrants,https://www.quebec.ca/en/gouvernement/ministeres-organismes/immigration/cadre-legal-transparence/exemplarity-french-language,,,,,,pending,
5058f0b6196e71b78482,integration,Location,https://www.quebec.ca/en/immigration/settle-and-integrate-in-quebec/objectif-integration,,,,,,,pending,
b1b259ec9a2f7f46c026,integration,Location,https://www.quebec.ca/en/immigration/settle-and-integrate-in-quebec/first-steps-settling-in,,,,,,,pending,
366eace4ce5cc4f65ab8,integration,Ministry’s online appointment scheduling service,https://www.quebec.ca/en/immigration/settle-and-integrate-in-quebec/objectif-integration,https://www.quebec.ca/en/immigration/settle-and-integrate-in-quebec/objectif-integration/online-appointment-scheduling-service,,,,,,pending,
14bfdca3af6addccaa43,integration,Objectif Intégration session,https://www.quebec.ca/en/immigration/settle-and-integrate-in-quebec,,,,,,,pending,
846036342d148d55cae9,integration,Objectif Intégration session,https://www.quebec.ca/en/immigration/settle-and-integrate-in-quebec,https://www.quebec.ca/en/immigration/settle-and-integrate-in-quebec/objectif-integration,,,,,,pending,
4eaf8c7f6599274781e9,integration,Online French Courses,https://www.quebec.ca/en/immigration/integration-service-for-immigrants,https://www.quebec.ca/en/education/learn-french/online-courses,,,,,,pending,
e14864cca7c046a940a4,integration,partner organization of the Gouvernement du Québec that offers the training,https://www.quebec.ca/en/immigration/settle-and-integrate-in-quebec/objectif-integration,https://www.quebec.ca/en/immigration/partners,,,,,,pending,
fab41d777319bd2d1011,integration,partnering community organizations,https://www.quebec.ca/en/immigration/settle-and-integrate-in-quebec/first-steps-settling-in,https://www.quebec.ca/en/immigration/partners,,,,,,pending,
e0535ce5b4c7e91c1f12,integration,Processing times,https://www.quebec.ca/en/immigration/integration-service-for-immigrants,,,,,,,pending,
7bee0f7fcaad8220f03d,integration,Register to Accompagnement Québec,https://www.quebec.ca/en/immigration/integration-service-for-immigrants,,,,,,,pending,
e9526e458136d439a2f6,integration,Residency in Québec,https://www.quebec.ca/en/immigration/settle-and-integrate-in-quebec/objectif-integration,,,,,,,pending,
76cf9e978780d50de32c,integration,Services and resources in your region,https://www.quebec.ca/en/immigration/settle-and-integrate-in-quebec,,,,,,,pending,
a4173996eac9a8a0072f,integration,Services and resources in your region,https://www.quebec.ca/en/immigration/settle-and-integrate-in-quebec,https://www.quebec.ca/en/immigration/partners,,,,,,pending,
66a79d90e51f6b52fcb7,integration,Services offered abroad,https://www.quebec.ca/en/immigration/integration-service-for-immigrants,,,,,,,pending,
4dabe650f0bb1d4a955a,integration,Services offered in Québec,https://www.quebec.ca/en/immigration/integration-service-for-immigrants,,,,,,,pending,
473c92a997a7424551de,integration,Services offered to sponsored refugees,https://www.quebec.ca/en/immigration/integration-service-for-immigrants,,,,,,,pending,
5db2eb46889b76b77c4f,integration,Session duration,https://www.quebec.ca/en/immigration/settle-and-integrate-in-quebec/objectif-integration,,,,,,,pending,
7e6d31133445b26be73a,integration,Session duration,https://www.quebec.ca/en/immigration/settle-and-integrate-in-quebec/first-steps-settling-in,,,,,,,pending,
e411d7ba6f65aa2055da,integration,Settle and integrate in Quebec,https://www.quebec.ca/en/immigration/integration-service-for-immigrants,https://www.quebec.ca/en/immigration/settle-and-integrate-in-quebec,,,,,,pending,
855a7830fbe62195148a,integration,situation at the time of application for permanent selection,https://www.quebec.ca/en/immigration/settle-and-integrate-in-quebec/objectif-integration,https://www.quebec.ca/en/immigration/receiving-attestation-values,,,,,,pending,
47b38f591e40208837d0,integration,Status for eligibility,https://www.quebec.ca/en/immigration/settle-and-integrate-in-quebec/objectif-integration,,,,,,,pending,
e92d523d15ecfc6db85b,integration,Status for Eligibility,https://www.quebec.ca/en/immigration/settle-and-integrate-in-quebec/first-steps-settling-in,,,,,,,pending,
cbbf6ce0299e070dc9e5,integration,Translations of the document on Accompagnement Québec for sponsored refugees,https://www.quebec.ca/en/immigration/integration-service-for-immigrants,,,,,,,pending,
58d46979f1f373dc5c4b,integration,tutorials,https://www.quebec.ca/en/immigration/integration-service-for-immigrants,https://arrima.immigration-quebec.gouv.qc.ca/monespacepublic/aide/capsules,,,,,,pending,
01244d142c2a794aad17,integration,Working in Quebec,https://www.quebec.ca/en/immigration/integration-service-for-immigrants,https://www.quebec.ca/en/immigration/permanent/skilled-workers,,,,,,pending,
